# Legacy Site Redirects

# Hanami Legacy Redirects (hanamirb.org)

# Versioned guides - redirect to current site structure
/v2.3/*  /learn/hanami/v2.3/:splat
/v2.2/*  /learn/hanami/v2.2/:splat
/v2.1/*  /learn/hanami/v2.1/:splat
/v2.0/*  /learn/hanami/v2.0/:splat

# Getting started page
/getting-started  /learn/hanami/v2.3/getting-started


# Dry-RB Legacy Redirects (dry-rb.org)

# Gems documentation - redirect to learn section
# Handle versioned gem paths (need to add 'v' prefix to version numbers)
/gems/dry-types/0*  /learn/dry/dry-types/v0:splat
/gems/dry-types/1*  /learn/dry/dry-types/v1:splat
/gems/dry-validation/0*  /learn/dry/dry-validation/v0:splat
/gems/dry-validation/1*  /learn/dry/dry-validation/v1:splat
/gems/dry-schema/0*  /learn/dry/dry-schema/v0:splat
/gems/dry-schema/1*  /learn/dry/dry-schema/v1:splat
/gems/dry-monads/0*  /learn/dry/dry-monads/v0:splat
/gems/dry-monads/1*  /learn/dry/dry-monads/v1:splat
/gems/dry-struct/0*  /learn/dry/dry-struct/v0:splat
/gems/dry-struct/1*  /learn/dry/dry-struct/v1:splat
/gems/dry-system/0*  /learn/dry/dry-system/v0:splat
/gems/dry-system/1*  /learn/dry/dry-system/v1:splat
/gems/dry-transaction/0*  /learn/dry/dry-transaction/v0:splat
/gems/dry-logic/0*  /learn/dry/dry-logic/v0:splat
/gems/dry-logic/1*  /learn/dry/dry-logic/v1:splat
/gems/dry-matcher/0*  /learn/dry/dry-matcher/v0:splat
/gems/dry-matcher/1*  /learn/dry/dry-matcher/v1:splat
/gems/dry-effects/0*  /learn/dry/dry-effects/v0:splat
/gems/dry-initializer/3*  /learn/dry/dry-initializer/v3:splat
/gems/dry-view/0*  /learn/dry/dry-view/v0:splat
/gems/dry-logger/1*  /learn/dry/dry-logger/v1:splat
/gems/dry-operation/1*  /learn/dry/dry-operation/v1:splat
/gems/dry-cli/1*  /learn/dry/dry-cli/v1:splat
/gems/dry-configurable/0*  /learn/dry/dry-configurable/v0:splat
/gems/dry-configurable/1*  /learn/dry/dry-configurable/v1:splat
/gems/dry-container/0*  /learn/dry/dry-container/v0:splat
/gems/dry-core/1*  /learn/dry/dry-core/v1:splat
/gems/dry-files/1*  /learn/dry/dry-files/v1:splat
/gems/dry-auto_inject/0*  /learn/dry/dry-auto_inject/v0:splat
/gems/dry-auto_inject/1*  /learn/dry/dry-auto_inject/v1:splat
/gems/dry-equalizer/0*  /learn/dry/dry-equalizer/v0:splat
/gems/dry-events/0*  /learn/dry/dry-events/v0:splat
/gems/dry-events/1*  /learn/dry/dry-events/v1:splat
/gems/dry-inflector/0*  /learn/dry/dry-inflector/v0:splat
/gems/dry-inflector/1*  /learn/dry/dry-inflector/v1:splat
/gems/dry-monitor/0*  /learn/dry/dry-monitor/v0:splat
/gems/dry-monitor/1*  /learn/dry/dry-monitor/v1:splat
/gems/dry-rails/0*  /learn/dry/dry-rails/v0:splat
/gems/dry-transformer/0*  /learn/dry/dry-transformer/v0:splat
/gems/dry-transformer/1*  /learn/dry/dry-transformer/v1:splat

# Generic catch-all for gems
/gems/*  /learn/dry/:splat

# News posts - redirect to blog
/news/*  /blog/:splat


# ROM Legacy Redirects (rom-rb.org)

# Versioned documentation - redirect to latest version
# More specific rules first
/5.0/learn/*  /learn/rom/v5.0/:splat
/4.0/learn/*  /learn/rom/v5.0/:splat
/3.0/learn/*  /learn/rom/v5.0/:splat

# Catch-all for other versioned paths
/5.0/*  /learn/rom/v5.0/:splat
/4.0/*  /learn/rom/v5.0/:splat
/3.0/*  /learn/rom/v5.0/:splat

# Old guides paths
/guides/*  /learn/rom/v5.0/:splat

# Unversioned learn paths - redirect to versioned structure
# These need specific mappings based on the content structure
/learn/core/*  /learn/rom/core/:splat
/learn/repository/*  /learn/rom/v5.0/repository/:splat
/learn/sql/*  /learn/rom/v5.0/sql/:splat
/learn/changeset/*  /learn/rom/v5.0/changeset/:splat
/learn/rails/*  /learn/rom/v5.0/rails/:splat
/learn/http/*  /learn/rom/v5.0/http/:splat
/learn/factory/*  /learn/rom/v5.0/factory/:splat
/learn/introduction/*  /learn/rom/v5.0/introduction/:splat

# API docs
/api  /learn/rom/v5.0
